account_id,awg_engagement_rate,is_verified,followers,following,likes,videos_count
a.r.m.y664,0.04962963,FALSE,1755,1443,1586,20
a2_9r,0.059322034,FALSE,354,1422,3843,225
ti.po.check,0.001399417,FALSE,1960,243,24000,228
nutrifersanort,0.469767442,FALSE,43,41,100,5
bhgdee,0.122282609,FALSE,276,2262,126,4
preyah_,0.008075522,FALSE,108200,385,2000000,462
anastasiaashley,0.001782736,TRUE,871100,268,9000000,688
_sanek__56rus,0.00570593,FALSE,3701,2961,1667,75
_rinm,0.35,FALSE,16,91,26,5
_k_1_ji_ji_e_ip__,0.476190476,FALSE,14,116,18,3
xrb_010,0.180569948,FALSE,1737,76,31300,21
soyon_on_fire,0.013430282,FALSE,1336,1233,1025,36
laurenwolfe,0.080565943,TRUE,1000000,786,92300000,1117
mybeautifulfantasy,0.002668111,FALSE,6231,4459,29500,301
itshoneydone,0.054739548,FALSE,288400,120,2300000,334
curlyheadkay3,0.185317282,FALSE,40400,1132,248700,33
ryanmarkparsons,0.019008384,TRUE,131900,69,4400000,287
a3536363773,6.25,FALSE,144,151,8064,10
a.oakley03,0.187913907,FALSE,755,5481,10100,16
_lipsticklinz,0.022765458,FALSE,80400,328,591400,231
lottaavacada,0.932520499,FALSE,33000,183,1100000,37
1305.daniel,0.632828328,FALSE,2231,878,49500,25
dkanik34,0.051738738,FALSE,1042,1423,1717,34
jessicaw521,0.045433463,FALSE,1694,1673,2387,28
nbut_tia,0.13042191,FALSE,579,318,5115,65
jessica.m084,0.005311355,FALSE,31200,1322,702900,55
jessoz0,1.270833333,FALSE,6,1,60,8
jesuthasanjesu344gmail.c,0.072133072,FALSE,1460,99,8546,65
dream_boy__777,0.049901835,FALSE,6767,1077,58400,296
ladybug.223,0.002440816,FALSE,10500,1014,15700,715
manatan0127,0.005425028,FALSE,88700,119,987600,667
bhawaniyogi165,0.003414815,FALSE,27000,34,85800,47
grayson__o,6.713305527,FALSE,27400,1646,2500000,15
_salinasincerely,0.041345543,FALSE,11700,1056,118300,405
divya_angural786,0.004803571,FALSE,16000,9,163800,940
baubleandbeam,0.017233962,FALSE,2258,74,3274,38
fabioygeh,0.18092918,FALSE,821,94,11600,76
avs2704,0.626879699,FALSE,133,973,889,8
farahn75,0.024047157,FALSE,20600,451,122000,274
ummylkheiry,0.000963492,FALSE,72000,617,360400,1801
electrony,0.01816449,FALSE,346700,3,5000000,514
lisababy21_,1.679216867,FALSE,83,52,1235,8
simobmd10,0.000412869,FALSE,42600,124,430000,1473
1musictay,0.1252883,FALSE,14400,118,181900,132
hdpsoyyoxd,0.704,FALSE,75,146,256,5
dfzg242,0.265306122,FALSE,49,129,54,1
lpo_tuv,0.089021816,FALSE,196,462,460,29
lovewanda33,0.016643958,FALSE,4089,9658,10100,200
thelaundryspot,0.000925646,FALSE,217300,125,3400000,116
blandine_ytb,0.03915416,FALSE,45500,369,1000000,334
lifesimmings200,0.001773061,FALSE,17600,168,212300,2821
lyllistapper,0.018054621,FALSE,2400000,570,82100000,300
syedsmarts,0.038502845,FALSE,3122,34,31900,237
bamsbambi,0.613153685,FALSE,9030,45,49600,9
dr.stov,0.021269561,FALSE,9074,1884,80900,3
viperajlx,0.034911478,FALSE,457,10000,300,22
vavamah,0.154269929,FALSE,18100,9799,213600,98
dead.flower_,0.001371285,FALSE,39900,11,1771,22
larosalia2002,0.11862035,FALSE,180200,215,4000000,143
d_e_s_i_c_h_o_r_a_,0.00444898,FALSE,7000,53,197300,988
x_dristawastaken_x,0.025271493,FALSE,10400,6379,342000,389
skdladiesfashionwear,0.048639936,FALSE,709,58,7666,152
crimes4ranboo,0.25387358,FALSE,4728,721,103700,42
andysuzukii,0.066682752,FALSE,468700,278,5100000,377
bylilibet,0.001604907,FALSE,68700,427,2300000,1401
brandyngrams,0.000436704,FALSE,80800,3894,1300000,421
bobemad.o,0.012253582,FALSE,65800,45,355300,121
pipilovepink,0.014687233,FALSE,60200,77,259700,182
albertbarrientos3,0.367702479,FALSE,24200,10000,109500,6
michallaxoxo,0.358103562,FALSE,38900,900,579100,119
sukhpalc1,0.462960809,FALSE,11300,17,247200,77
nwr179,0.287234043,FALSE,94,127,22,1
gneaxb_788,0.094527363,FALSE,201,718,16,1
sivapavi36,0.231690141,FALSE,568,5945,1303,10
sitiomusical,0.02449465,FALSE,106800,211,1100000,534
tot_t893,0.079909177,FALSE,3775,491,10100,36
seanyforreal,0.070369284,FALSE,90600,1,400200,38
mrskarib,0.022443516,FALSE,1300000,1251,68500000,1649
billa.0039,0.272099861,FALSE,10300,27,180800,270
nbeil10,0.032124352,FALSE,193,5440,42,5
nea._nea._,1.643347051,FALSE,243,83,4727,12
ndjfjgkdfkgfcefgtfrfrf_3,0.195154553,FALSE,342,1911,2773,51
wissam_albokai,0.011389875,FALSE,911000,217,20400000,970
user594924259710,0.023672231,FALSE,3295,6569,3435,46
user582gf34ov5,0.055512271,FALSE,151,129,485,56
0ll5eee,0.424725275,FALSE,91,300,716,20
0qqh1,2.892857143,FALSE,14,63,41,2
noopur.biswas84gm,0.000715615,FALSE,96700,80,385600,1415
kaylahsuzannepage,0.092168012,FALSE,25900,165,456100,51
sydneypaschall,0.081455747,FALSE,5232,605,58400,142
improvvlove,0.297837275,FALSE,15100,54,1200000,166
bs_935,0.24689441,FALSE,92,89,158,14
bs_495,0.316742081,FALSE,51,59,191,13
er.graciee,0.005826087,FALSE,11500,1507,234600,317
awanzada410,0.073732719,FALSE,775,123,33300,869
avwxyzc,0.127696125,FALSE,169,115,6695,652
ndangoo,0.000303603,FALSE,55900,87,154100,735
user46obyhbn3o,0.083694084,FALSE,231,447,57,3
ica_poetry.reaal,0.120004521,FALSE,8848,9,17200,15
dyer2uxsx2np,0.005909774,FALSE,3800,10000,1143,44
nayacce0712,0.011062486,FALSE,7149,5766,78000,593
dnginfluencers,0.007994779,FALSE,2043,64,2442,3
maggievillamaria,0.03068704,FALSE,12800,707,317300,605
alfredinho.alfred,0.024883235,FALSE,65700,127,621200,114
gr00vy_gr00v3,0.065821501,FALSE,1160,177,13000,114
soso_adlb_12,0.099180328,FALSE,610,45,291,2
berfinvdz2,0.065113949,FALSE,1089,1774,1462,22
v..b9,0.023691981,FALSE,4983,3417,53500,397
v.elenai,0.008124144,FALSE,313,1556,1989,87
valeria454o,0.004473253,FALSE,5576,9459,3398,182
fe5ro5ty,0.225,FALSE,10,114,44,20
highsnobiety,0.001702869,TRUE,840900,169,33000000,2180
zara_kabirrr,0.014987923,FALSE,20700,282,1300000,215
aaronisaacyo,0.018027373,FALSE,143000,630,6500000,430
ledonbk,0.110426065,FALSE,1140,115,4500,38
idyhabu1,0.015361481,FALSE,3705,1300,16600,318
roxannegan_,0.067821364,FALSE,3893,34,122100,94
ajjwii,0.028571429,FALSE,1063,233,7979,134
sibelugr56,0.005669714,FALSE,14800,143,109800,546
bnx0adb,0.695652174,FALSE,46,84,19,1
lanaalqutami0,0.020748847,FALSE,6977,1472,57100,131
lay7799,0.093806922,FALSE,732,4619,1606,24
thatblackkido,0.013849879,FALSE,1770,3610,30100,85
dgwb22,0.228346457,FALSE,127,306,23,1
dgorr8,1.08,FALSE,25,34,25,1
dh.02xspam,2.357142857,FALSE,7,5,30,3
marmok_ofical2,0.181420173,FALSE,10100,57,58400,32
mhdiqbal0505,0.000832506,FALSE,6761,1320,22300,255
sunheamkh,0.01542376,FALSE,3088,9909,5772,105
s4375941,0.020657277,FALSE,355,1399,42,6
jesseeckel,0.033960421,FALSE,323400,417,3500000,359
s.gyadendorji,0.100907441,FALSE,145,666,360,27
patwickles_,0.008932163,FALSE,17900,861,809200,369
pato___________2,4.112592593,FALSE,135,21,2659,5
dye0cbi25ib9,0.036978508,FALSE,226,291,113,14
emmadestasio,0.029419907,FALSE,4415,8317,651300,191
desleoren,0.005319908,FALSE,6181,94,57900,413
rosa82cal,0.009413187,FALSE,13000,9967,223300,1243
dyloo123,0.12244898,FALSE,49,37,56,10
dyknqbrn71md,0.095301455,FALSE,925,857,1013,13
a__________ast,0.176888655,FALSE,131,317,618,29
rm.jhope.suga,0.109090909,FALSE,1145,2031,1364,11
p23947,0.41112426,FALSE,845,38,1698,5
user356183936,0.069454123,FALSE,246,40,802,43
idalia04_,0.085172872,FALSE,3231,1598,12400,31
havenbaye,0.002481618,FALSE,19200,2387,652000,337
kesismm,0.112956723,FALSE,7546,28,116600,157
olmiee,0.013898382,FALSE,1254,1645,119,7
olynd23,0.005764924,FALSE,1467,1091,8557,528
om264227,0.161381476,FALSE,91,238,587,43
om_asis,0.040280279,FALSE,3836,91,50800,273
u2ei_,0.149740549,FALSE,1349,108,63900,22
_podd3,0.314814815,FALSE,27,67,13,2
alomktm69,0.010435565,FALSE,4126,7424,1302,35
alissakakus,0.00744382,FALSE,1424,3114,249,25
emma.guillot,0.213872163,FALSE,1016,1050,19800,77
brwyrr25bet99496,0.060283688,FALSE,188,564,281,27
nikhil_sty,0.112959943,FALSE,701500,1229,23500000,1555
xrcuhpk,1.17807506,FALSE,5536,175,489000,37
soumyadas8787,0.075216343,FALSE,1007,1029,10200,121
soso___10kx,0.374025974,FALSE,77,18,179,5
simbaelviejito,0.53418195,FALSE,14800,1186,218400,29
sharonlmakeup,0.00250843,FALSE,31400,257,1100000,162
flycrunchyt,0.118037152,FALSE,64600,3372,6900000,737
otismanley,0.283238095,FALSE,12300,180,170100,44
95sonu0,1.005050505,FALSE,18,17,197,11
0.0ada,0.010820559,FALSE,3327,608,407500,5
atypicalfam,0.157842276,FALSE,123000,213,6900000,172
basketballsoul007,0.054076261,FALSE,295600,222,8300000,1336
darlingfinch,0.040976114,FALSE,514500,783,20500000,136
ayebarbieee,0.074824567,FALSE,179800,99,480300,55
lightskinzack,0.013074065,FALSE,834400,251,13700000,275
billiebitches,0.028307036,FALSE,13400,32,39800,72
bellewoghirenn,0.130972473,FALSE,191500,407,5300000,543
gctvchtxxh,0.4,FALSE,10,3,3,1
dalatnails,0.001210737,FALSE,20600,125,150500,413
divulgadorzonasulsp,0.08908046,FALSE,261,214,822,17
djaalabmessoud,0.016157492,FALSE,9586,7679,214600,1546
aot011,0.308333333,FALSE,78,321,444,21
nickomeal,0.002432572,FALSE,188000,817,1300000,362
devtomarji87,0.035935385,FALSE,9498,90,14500,89
m_a_n_i_s_h_dabhi9012,0.003708628,FALSE,10100,5545,73100,805
dianac429,0.125870647,FALSE,402,224,2137,53
doru___emyr,0.028393493,FALSE,2248,1109,18500,166
dp_fida,3.6,FALSE,5,29,16,1
dozhatee_,0.410231023,FALSE,404,81,5330,30
5bl4l,0.101818092,FALSE,28900,108,516000,656
5cw3,1,FALSE,34,94,52,2
_rzlhanafi,0.242877493,FALSE,351,126,2642,24
the_vora_13,0.212086767,FALSE,621,186,4423,34
theanhpc,0.224806202,FALSE,129,255,1312,2
theetwercules,0.296400911,FALSE,43900,138,128600,10
juanpix4c2,0.024755271,FALSE,60300,102,3100000,1023
lenkh26,9.08E-05,FALSE,339000,6847,2800000,578
chrissyj025,0.014702696,FALSE,109700,4263,623200,261
dkr3d05,0.243243243,FALSE,37,336,7,1
c_r.v,0.5,FALSE,10,101,27,4
aap_2d,0.126785233,FALSE,1237,2228,3695,24
karmaknowz,0.015354299,FALSE,258200,641,2700000,1187
kateackova2,0.152107728,FALSE,2928,28,31900,41
aadktemerlove,0.05320197,FALSE,783,110,1419,43
f_atima16,0.016527197,FALSE,956,1032,4443,251
f_h7_f3,0.093582888,FALSE,34,49,33,11
soyulsu,36.49803922,FALSE,15,20,9318,17
ayon_sarker_,0.002347337,FALSE,120700,234,1700000,539
pr4nay,0.101042191,FALSE,77200,10,4700000,75
katjakrasavice,0.076420943,TRUE,3000000,2,61700000,198
_yug303,0.010980491,FALSE,5675,589,76700,73
qq_22_ww,0.157419355,FALSE,155,456,124,5
oliviadingman,0.00501749,FALSE,265700,558,7200000,757
itstashayall,0.005774194,FALSE,12400,792,48800,225
xoxomaryl,1.388551134,FALSE,4712,81,294000,54
cu12p,0.106012658,FALSE,79,151,124,18
obpyt,0.025640645,FALSE,9622,7201,419300,225
bvfdfhgfd,1.705882353,FALSE,34,22,63,3
favorofgod63,0.53368426,FALSE,6052,277,114500,39
.svobodaslova,2.195454545,FALSE,55,3,2419,16
xmxcha..bliss,0.815088757,FALSE,52,80,528,13
gopalku0,0.006848443,FALSE,5386,3950,29000,548
fading_angel_98,0.001638181,FALSE,160100,1662,1200000,466
sangeetapindoriya,0.021862434,FALSE,10800,72,94700,372
x_c.r99,0.018632584,FALSE,573,3455,2694,385
xlunvie,11.77116733,FALSE,3992,1047,197500,4
x_dki,0.33112381,FALSE,375,16,7464,84
c__h__a1,0.005418719,FALSE,174,634,968,278
liviutliviut19,1.06599143,FALSE,2567,1,13300,5
vvkcorre,1.8,FALSE,5,8,6,1
opequenogucci,0.111272184,FALSE,2168,248,4841,21
official_lmt,0.770414338,FALSE,27100,24,726300,44
lionsgate,0.02354637,TRUE,5400000,51,136800000,421
sj_thamizhko_dance,0.050034632,FALSE,23100,1,212400,277
status_foru7,0.093023186,FALSE,19100,5,339000,157
bajarang302,0.004069961,FALSE,9442,349,144900,132
shaysaprocky_,0.314864198,FALSE,13500,879,95600,21
chandrapraveen0607,0.017062904,FALSE,24300,196,441300,492
capudor,0.011377399,FALSE,20100,97,375400,641
kmr994,40.69748403,FALSE,626,20,202500,8
o.azy,0.774370012,FALSE,1239,127,10500,9
uyeenddey22,0.001870398,FALSE,19400,521,109700,7
faizas.salon,0.120974744,FALSE,184000,5,4600000,662
ctyyyin_,1.092117219,FALSE,4402,32,19400,4
cumbicosj7,0.142153533,FALSE,184,375,826,32
obx2xo,63.375,FALSE,4,6,504,2
jedh_,0.337762238,FALSE,143,112,454,10
jecica63,0.037288136,FALSE,1180,1227,548,2
s9lo_,1.241881339,FALSE,11600,3063,893100,73
je_te_ez_si_je_veut,0.025178253,FALSE,1452,3850,1214,34
s9_xl0,2.321142322,FALSE,17800,201,137700,14
_aisho,0.001503817,FALSE,26200,24,271200,283
a.maratovna.14,0.003514085,FALSE,14200,37,1000000,20
kriz031998,0.055762949,FALSE,155000,1,931900,148
303foodie,0.015834469,FALSE,1153,369,6843,220
shadysamir505,0.000745174,FALSE,112400,157,898600,717
dog.m1lk,0.973230903,FALSE,19200,884,1500000,339
by.charlxkimbx,0.024069753,FALSE,479,76,7674,73
byperfects,0.513262911,FALSE,1704,961,3825,5
bysfam,0.35483871,FALSE,31,27,7,1
ipemipckuranjiofficial,0.083204931,FALSE,118,201,89,11
xfrnchscx,0.357142857,FALSE,24,24,59,7
xhiplikelindsey,0.218325792,FALSE,102,85,578,25
xgaqrieiiax,2.787037037,FALSE,12,8,217,9
xhcallw,3.333333333,FALSE,3,25,11,1
angelinalalch,0.062923271,FALSE,7345,648,665500,275
___k.h___,0.82734375,FALSE,64,107,1051,20
__a716,0.875,FALSE,4,1,6,2
77loveforever,0.005835544,FALSE,1131,3601,1822,378
tik.g,0.094968696,FALSE,2946,15,62600,9
qt_lxser...1,2.346153846,FALSE,13,7,57,2
dy4u6n4yo02o,0.048291317,FALSE,1020,1366,1780,38
merve.kzcc,0.267973856,FALSE,1377,21,12900,22
mem_tv13,0.752817955,FALSE,2005,1047,52600,41
merajput6,0.001069815,FALSE,1549,232,3614,205
melodzky0817,0.031572918,FALSE,1247,512,5290,134
user8802029,0.015195088,FALSE,37400,99,42400,27
carito.rodriguez.7,0.020799314,FALSE,118300,362,894400,389
mrunlearning,0.036379735,FALSE,31300,144,177700,180
realestatebrokernorthof0,0.016148542,FALSE,233700,0,1600000,473
eboloko7,0.11994356,FALSE,113900,293,1200000,151
dy7fpqkolqto,1.6875,FALSE,112,78,541,3
10sa_patria,0.006328262,FALSE,3183,2649,11900,638
111111111ng1,0.278606349,FALSE,35000,95,179900,17
tahirolayri,0.021571031,FALSE,107700,1082,947500,854
yuha_0316,0.008070429,FALSE,118100,1658,2900000,116
laonenmhotsha,0.005224815,FALSE,2510,3951,5277,238
xisfervx,1.405172414,FALSE,29,36,153,4
xehgmkas,3.142857143,FALSE,2,4,40,7
fancydaily,0.013231546,FALSE,101800,17,1900000,88
floreaviky,0.034723577,FALSE,8743,3476,153500,258
alexander.helfer,0.010698058,FALSE,107400,885,400100,44
ycp73_,0.201070035,FALSE,2073,120,20800,54
ycnanrotcansutiab,0.004043875,FALSE,1081,1642,4633,186
yumi_blox_,0.076433121,FALSE,314,1246,26,1
lookgolfgp,0.025780731,FALSE,215,310,568,57
taelnd,0.064944282,FALSE,68200,791,3500000,333
floresfit,0.002168217,FALSE,404100,476,15800000,1545
ama_afumwaa,0.01362212,FALSE,15500,125,93900,202
elenamaerose,0.002560194,FALSE,111900,215,4200000,857
evdakia_nicole,0.002548068,FALSE,79500,260,778100,233
vaishureddy08,0.120873499,FALSE,193900,59,4800000,808
rzdarmawangsa,0.092150833,FALSE,1200000,1,20200000,174
indiiwrldd,0.037399478,FALSE,3997,1933,24400,71
ripleyc,0.26902439,FALSE,16400,183,965900,56
c0ttonc4ndyskies,0.861266753,FALSE,25700,665,534100,33
priyaxsangha,0.009618566,FALSE,7328,180,53300,85
heysoniachew,0.108887174,FALSE,20900,149,69600,31
ssddufm,0.04623598,FALSE,1201,1898,1061,25
sscpu_445,0.161071429,FALSE,160,256,2108,52
osceniebrown,0.073429151,FALSE,603,555,791,18
craft_atdapat,0.014386132,FALSE,5406,351,127800,170
cz.sa,0.132857143,FALSE,660,1221,18100,75
faisalpitafi981,0.033400468,FALSE,146400,13,3800000,805
15percentoncarinsurance,0.261666667,FALSE,200,1184,1818,33
xx.h.me0,0.150166113,FALSE,43,47,410,43
giallo._.panda_giallo,1.970677362,FALSE,748,91,21900,15
giopanichii,1.376114082,FALSE,187,230,919,4
gijhggojfdhougc3395,0.01053646,FALSE,3113,6525,6216,227
gianggvan66,0.013719988,FALSE,2138,5112,746,24
geovaning,0.030597724,FALSE,56500,388,240200,631
ggiwpd_58,0.238095238,FALSE,7,28,9,6
zawsoe485,0.01621683,FALSE,3123,9849,1537,31
jharanathapa103,0.059130774,FALSE,1466,914,9039,88
jhefcosta8,0.104190772,FALSE,1865,348,4524,19
userl90ojiqeyo,0.087956811,FALSE,344,1600,1197,42
userkpuxmqpywf,0.072224824,FALSE,610,471,3318,158
sahbhazkhan36n,0.004812575,FALSE,71800,20,934600,300
89xprofessor,0.004660046,FALSE,7480,37,86400,72
saengaloun_pvl,0.054836099,FALSE,706,282,3664,100
sadikshya1520,0.218015482,FALSE,1218,1618,10300,44
ipsebroto,0.056220657,FALSE,355,2407,654,37
iprfk,0.723255814,FALSE,86,196,766,6
huyenciuu98,0.040886941,FALSE,16300,502,84600,119
kaun2198,0.059424226,FALSE,9205,23,41000,1
rimu_mohonto,0.048243199,FALSE,79300,24,1500000,228
simang02,0.000212592,FALSE,122300,920,270100,1231
a.ahshi,0.066505754,FALSE,55200,85,1100000,45
ile2732,0.394957983,FALSE,68,76,540,21
qwoill,0.683641975,FALSE,54,31,418,12
bigorupoficial,0.004849782,FALSE,5167,76,96800,169
ken_chen1,0.010498599,FALSE,10200,343,59300,127
elizakenton,0.004808943,FALSE,12300,308,1500000,258
melody_anyredhead,0.02595576,FALSE,474,4465,319,33
.ww77,0.441125541,FALSE,231,69,6280,12
.tpnpp,0.078406396,FALSE,11700,406,1200000,438
user710335718756944,0.076041921,FALSE,373,3818,299,11
argyboy3,0.174789916,FALSE,68,1674,851,86
aragsan_abdi98,0.017890521,FALSE,2033,440,11400,340
tuatagovailoa,0.10626196,FALSE,4703,3,9490,12
aliramsey25,0.080610022,FALSE,153,139,35,3
alinesb31,0.143898376,FALSE,1372,13,8791,93
m_k_938,0.035488722,FALSE,1900,9761,4025,40
j_ztf,0.015443279,FALSE,1049,25,64,5
quynank,0.206426374,FALSE,13000,94,283100,113
c34xo,2.314102564,FALSE,26,23,383,6
xkuromi.edits._my.melody,0.097433825,FALSE,707,658,2333,46
clilyete,0.018837073,FALSE,126700,1012,3900000,493
k0sa._.w0rk,0.420348534,FALSE,2738,6,52500,59
kasutkoyak20,0.063454664,FALSE,724,1058,1337,34
eflexygram,0.018261655,FALSE,1523,1107,422,16
eewon3,0.941176471,FALSE,51,39,301,3
danya.pod_fan.l,0.045556805,FALSE,508,1965,1935,60
userow3uz2h449,0.156576577,FALSE,1110,1170,858,5
nyssa.lol,0.437028658,FALSE,408,385,9632,14
m_t756,0.390849673,FALSE,153,58,2911,45
carlamorrison,0.049150029,TRUE,2000000,13,16600000,235
gogysleftbuttcheek_,0.065113523,FALSE,33500,73,1800000,251
y_ia_,0.694557823,FALSE,1470,188,975,1
y_khen,0.268184308,FALSE,2347,63,23100,44
meow.meel,0.452642366,FALSE,207,190,2961,33
_mnuruliman,0.140660271,FALSE,443,364,1216,16
lynlynibasan,0.011974026,FALSE,1100,2308,2344,132
jefanwaworuntu,0.46031746,FALSE,21,143,110,13
receitasetruquesdolar,0.078926718,FALSE,50100,26,143300,37
l4_p7,4,FALSE,25,7,192,2
jkfgrk_,0.481424332,FALSE,337,22,11900,27
jkookhope,0.275669664,FALSE,42900,191,498500,45
okmargaret,0.168660131,FALSE,31500,512,941000,49
aok631,0.10922619,FALSE,96,491,1067,125
cj.johnson06,0.779183673,FALSE,490,3577,1898,5
yungbleubby,0.098672912,FALSE,5124,2640,57700,136
r0meo004,0.079229122,FALSE,1401,1269,32800,615
r0oo0r0,0.068676717,FALSE,199,402,21300,6
qwinvicky474,0.022952381,FALSE,900,989,769,43
fada_jujux1x1,0.113636364,FALSE,56,273,350,62
ciii14,0.349090909,FALSE,100,6,379,11
pax_love,0.460283031,FALSE,45100,333,1300000,68
ahmeed._.spaghetti,0.000833247,FALSE,27500,2,121100,305
.bonecrushrr,0.006558216,FALSE,6347,58,866,16
derty_fog,0.098459596,FALSE,19800,4,14600,8
angitheg0at,0.20982457,FALSE,61400,298,4100000,195
dominoeffectdesign,1.004,FALSE,100,4,967,10
daneelurkenn,0.019909377,FALSE,45400,745,2200000,451
soyserrano,0.021790706,FALSE,570900,95,9300000,355
user83784574,0.007518033,FALSE,6562,3445,10200,3
mia.schumacher,0.015461744,FALSE,9147,471,437500,656
rileyy.em,0.269423906,FALSE,37700,2887,1800000,89
ay0.kylah,0.147810643,FALSE,195700,1405,11700000,402
jessamom03,0.008629875,FALSE,131500,803,6300000,524
charlie.liang,0.037870596,FALSE,223000,165,5500000,401
donibarkah516,0.013654264,FALSE,3019,9999,346,9
im.brandan,0.001831502,FALSE,23400,1,380900,119
zocarter23,0.155579048,FALSE,15000,171,347400,135
cayden_b7,0.010190167,FALSE,30800,11,31500,7
crissyxoxo23,0.115935065,FALSE,15400,426,167100,97
n.s379,0.437438424,FALSE,29,70,530,46
kenziebalch,0.070453667,FALSE,33900,996,1400000,312
joseangel.2602,1.477401527,FALSE,7117,93,31500,3
kaylamichele63,0.001699778,FALSE,7536,9878,21000,607
faisalalfarizi40,0.032144184,FALSE,414,702,168,13
dydivxtrhvg9,0.02268008,FALSE,1775,1882,22400,533
karissateixeira,0.001525753,FALSE,14700,152,241200,534
brittany.rose.xo,0.000826419,FALSE,422200,468,9200000,225
so_narly,0.00664743,FALSE,110900,1115,4500000,1614
leah_brueg,0.004486347,FALSE,343200,354,3600000,780
vps.kimby.x.loaizaa,0.074970097,FALSE,5494,1297,26300,131
whoisluciferm,0.076985388,FALSE,113300,651,2000000,27
galactic.ghosts,0.001293424,FALSE,31500,289,271300,3027
maiken313,0.008019867,FALSE,5465,497,164000,307
nanjitwins,0.009119946,FALSE,21200,70,2300000,595
meauraa,0.016267462,FALSE,112800,830,2900000,283
mmhhssnn4,0.034379968,FALSE,296,1288,350,34
mm4h4h312,0.027380952,FALSE,24,525,41,115
mm.guimaraes,0.007376254,FALSE,2810,6263,362,11
mmh2262,0.144728831,FALSE,1267,3673,8660,47
g7ba.old,2.208333333,FALSE,24,19,57,1
best.of.football.clips,0.036055901,FALSE,82800,33,2600000,286
slaywithbrandy,0.002073042,FALSE,97400,1623,535200,1384
rahulsharmaktm,0.030042236,FALSE,34500,373,604800,2692
lifetimelifestyle7,0.0009806,FALSE,16200,901,199700,885
9s2m,0.029320589,FALSE,3871,2268,45000,6
pramodsable0717,0.004910714,FALSE,27200,148,500300,283
xmayalol,0.001181256,FALSE,184400,1327,9600000,790
killinitkin,0.015553818,FALSE,108700,355,2400000,146
mh_0,2.706583333,FALSE,12000,9,587600,5
queenl33ya.co,0.029420082,FALSE,48800,197,1300000,10
quix.esports,1.647058824,FALSE,68,1,444,4
bex.reads,0.04143918,FALSE,8080,357,381400,308
jishnupramadas1,0.370400376,FALSE,15200,3544,214300,224
dyb4me820v6s,0.002936879,FALSE,5769,314,31700,321
blink_army2632,0.055852655,FALSE,1528,209,3103,36
riyanshgoswami7210,0.034245388,FALSE,66600,120,892700,74
selenelabebasanch,0.010766189,FALSE,2890,346,10800,823
gmcrath30,0.051821862,FALSE,247,323,1451,149
opg.ng,7.229166667,FALSE,24,17,258,2
_tanializardomx,0.017864782,TRUE,162700,112,495400,101
aru.rinh,0.350681994,FALSE,215500,12,4800000,52
eldiamani,0.000644053,FALSE,131400,564,2600000,1233
oi_ilk,0.038065028,FALSE,1261,10000,161,3
iq.iq.iq.2.0.0.0,0.18760469,FALSE,199,592,67,3
xx.p3rs0n4.xx,0.022120709,FALSE,2064,2000,14300,427
k0ocyk.sar.a,5.714285714,FALSE,28,17,154,1
7divisiones,0.019475655,FALSE,1780,4049,784,24
rx99yt,0.084965547,FALSE,7899,54,52000,86
casos_aterrador3s,0.282645883,FALSE,13900,1,35200,9
carli.x.tiktok,0.538461538,FALSE,26,81,10,1
doulvm,2.704981993,FALSE,476,19,46300,44
tonnypulido85,0.035805923,FALSE,1481,1937,8341,253
pavannimawat,0.018789845,FALSE,8941,9672,228900,660
.gabe.xricky_,0.46504094,FALSE,5618,1781,92800,79
meninas_dpecuaria,0.231602296,FALSE,1916,324,11000,25
vickiewoodward,0.009728497,FALSE,9771,4149,147000,918
ema.ervita,0.155757796,FALSE,19700,502,922100,850
nutella.4i272,0.130443799,FALSE,2411,190,33500,12
nwah.idk,0.100640256,FALSE,833,2234,1038,12
fahsai_58,0.019150978,FALSE,90300,0,790700,118
jimehdzm,0.049791746,FALSE,2641,1291,24900,12
mivan_mehta,0.658883287,FALSE,15300,3935,362700,108
linduras_pantojitas73,0.023968005,FALSE,5108,133,12400,97
anarchyadi00,0.003269167,FALSE,376400,1755,23700000,1133
basicjyn,0.034867173,FALSE,1612,520,82300,592
mamiskhan786,0.098572106,FALSE,126600,26,1600000,391
yashaswinipraveen,0.052809993,FALSE,81200,517,791600,685
smiling_jk,0.046690476,FALSE,20400,371,306900,122
sadikjamadar08,0.016085929,FALSE,13300,90,227700,524
himataran,1.922071393,FALSE,5967,185,1500000,240
elmazapanbambam,0.158400714,FALSE,8781,134,33000,24
morganezdh,0.015060533,FALSE,2950,126,14500,192
kalamitytv,0.064804469,FALSE,179,15,2020,128
gaibanme,0.002129393,FALSE,8064,1334,47700,881
aicha....658,0.002622924,FALSE,17200,5086,98500,1858
dybl8s9oul9u,0.011645379,FALSE,484,1022,901,158
vincentkennedy1,0.002616995,FALSE,23200,108,199400,184
la_chiquiiis,0.015320259,FALSE,6352,46,29600,54
icv112,0.226190476,FALSE,28,76,18,4
icb.c,0.183486239,FALSE,109,825,279,15
myfirstyoga,0.002184304,FALSE,9444,571,22000,159
mychildlebensborn.ru,0.971383089,FALSE,6753,14,52300,8
aldrian__noo,0.225895317,FALSE,484,348,2435,18
aixel_21,1.112524655,FALSE,1690,709,45800,29
v0_yo,0.104166667,FALSE,144,79,39,3
v.1lt,0.114025127,FALSE,1187,27,3141,24
othseq,0.744897959,FALSE,49,70,137,4
0752xn,0.103641457,FALSE,357,5811,212,10
fjaws28,0.156957929,FALSE,103,32,225,12
xmawlana_,0.1,FALSE,90,4189,832,3
toblozplayer,0.006902357,FALSE,1620,2440,9112,203
wwk.f,0.003079938,FALSE,2381,465,6945,3
msmafe2021,0.164977336,FALSE,1444,6807,4795,22
austinsusanne,0.004939092,FALSE,6450,5613,91100,436
rock_stnadoff,0.023171181,FALSE,1206,1118,410,18
foxjumar,0.004554025,FALSE,985,2732,766,72
futbol_test,0.839902112,FALSE,1294,12,5695,6
shirisha12344,0.085200849,FALSE,20200,88,173600,285
surajyadav1238,0.005029081,FALSE,9874,121,145100,248
noticias_domm,0.023424237,FALSE,5837,9333,57900,12
alvaromoratajunior,0.006619314,FALSE,3528,3227,14500,473
kenny..15,0.000478469,FALSE,41800,19,603300,2
user98143966,0.018876887,FALSE,6917,1001,31400,100
ff._alexander15,0.094239878,FALSE,1870,10000,9613,44
brookelyn_elliott,0.00082414,FALSE,30300,797,30100,434
user34432678145823,1.5,FALSE,6,54,23,3
user2266710259006,0.032835821,FALSE,67,243,120,46
dyltqd250s6s,0.427884615,FALSE,52,3,84,4
15j.9,0.826617827,FALSE,441,120,9037,26
lovelysumi04,0.000810834,FALSE,32700,55,212000,1459
hozanaarceri,0.021441507,FALSE,1255,335,284,11
kiloook,0.001077675,FALSE,26300,428,134400,106
fan_payton_myp_kis,0.125484607,FALSE,3508,52,51400,51
afrtem3,0.105692803,FALSE,133,203,719,46
wonnie0106,0.632211299,FALSE,4592,12,712200,130
wn.wonnie,0.310344828,FALSE,29,5,17,2
worldtrampwallfederation,0.523249806,FALSE,3871,18,4024,2
dylanhaegens,0.032196762,TRUE,1500000,64,16900000,199
tm9418,0.224159402,FALSE,73,195,178,11
goddesscharliequinn,0.00089881,FALSE,24000,9955,88800,966
crystaalbleee,0.101304049,FALSE,3055,998,121700,135
xz9o90,0.075324675,FALSE,33,2,2139,190
thhdg_t,0.079528719,FALSE,1261,582,4764,40
djavens96,0.006111536,FALSE,1309,1211,126,16
diyar_kurdi26,0.239273441,FALSE,582,408,7181,35
diy_girls01,13.16666667,FALSE,6,2,77,1
the_whip_connoisseur,0.005318597,FALSE,29200,758,338600,636
thebigbig7878,0.97342723,FALSE,6390,689,220000,56
julisimmons_,0.006987984,FALSE,10700,355,243700,604
bigzo__,0.026086957,FALSE,230,1060,848,149
lom4ik_02,0.059698176,FALSE,1543,218,38400,358
lolth3,0.095833333,FALSE,40,551,19,6
dbiel_souza,0.435219229,FALSE,7393,100,128700,75
labrasileira80,3.433980902,FALSE,3037,4260,20200,2
_____.586,0.060424002,FALSE,1907,2046,5428,43
____dxmo,0.094444444,FALSE,90,115,27,4
alina96.6,0.025735017,FALSE,3032,128,15700,128
fumihito_,0.149579832,FALSE,255,200,7496,151
cely.ramos,0.932244898,FALSE,13300,108,828100,74
jaque2425,0.032704082,FALSE,6160,2813,19000,474
billiehatmaker,0.001644909,FALSE,7660,2772,3180,210
xodunkincharliiixo,0.128205128,FALSE,429,360,51,1
0vbi,0.030073913,FALSE,2358,874,26600,39
re.niy.ah,0.011363247,FALSE,9723,279,229700,189
ameliajstuart,0.028292779,FALSE,269000,648,4900000,203
tnnr28,0.022863199,FALSE,1887,1217,5679,107
ff.demeneghi,0.043421092,FALSE,19100,32,344300,622
magyss,0.004535865,FALSE,1896,2352,25700,1970
matiranita,0.24817018,FALSE,6262,741,319700,24
pratiksha_solanki_26,0.007986084,FALSE,1700000,31,18100000,1001
biteswithlily,0.160425143,FALSE,2200000,300,78200000,310
professorbigboy99,0.193289749,FALSE,23900,447,3100000,197
mbf480,1.904761905,FALSE,21,9,152,4
gmazizulislam07,0.020723204,FALSE,881,1575,805,43
unitedinlif3,0.045138966,FALSE,51400,6738,42600,15
emilyb.talks,0.270061923,FALSE,216300,565,2700000,94
riyas713,0.038777211,FALSE,16800,5560,229600,815
mezzyboi,0.014550607,FALSE,24700,10000,1100000,263
userbaalrct3y5,0.000766288,FALSE,23900,165,144600,260
selfcareessential,0.010497696,FALSE,15500,594,1400000,481
poyeyphotos,0.445533981,FALSE,30900,127,481300,37
itrilla,0.151833034,FALSE,2868,231,48200,132
janecarmen,0.047966723,FALSE,393100,692,11400000,78
tara.and.evy,0.017544324,FALSE,825600,1121,30900000,1038
sglifts,0.092763901,FALSE,33400,1197,988800,887
am_i_sara,0.000878307,FALSE,67500,615,77000,108
fi______9,0.01147168,FALSE,1193,1062,2353,68
s.littlebirds,0.012618922,FALSE,9505,74,81000,97
bdlokis,0.133571429,FALSE,2800,1676,368,1
gennnyveryfrancy,0.002505751,FALSE,5728,4679,2985,94
hdm_1106,0.001985316,FALSE,6674,1,24400,101
billpolanco,0.066557284,FALSE,10100,722,61200,85
lorenbitchens,0.005163451,FALSE,2512,2837,6891,251
amywhitburn2,0.044138634,FALSE,2616,841,7572,16
michigan.anna,0.021489796,FALSE,11200,7020,182600,1070
dayrok2424,0.008014445,FALSE,2057,5328,9115,554
_secretlyawolf,0.023119434,FALSE,1572,508,24600,521
thelaymans612,0.00295389,FALSE,5552,6967,130500,473
aksh.ly__,0.012972091,FALSE,60400,10,520600,88
paljetorigenes18,0.039288256,FALSE,1405,2039,2294,41
p1dding,3.587529976,FALSE,139,2,1463,3
d00l_b4by,6.146341463,FALSE,82,102,2083,1
f_h8.9,0.049275362,FALSE,115,107,20,3
tooncwl,0.193548387,FALSE,124,301,73,4
g7me,0.188601877,FALSE,5997,56,67600,31
wot_blitz_bro1,0.014236893,FALSE,1935,1472,835,31
audi_uk,0.033536585,FALSE,205,10,107,16
mar.hacks,0.005879406,TRUE,4700000,335,74600000,861
alwhites,0.16634309,FALSE,147400,46,2900000,51
gabytwerk21,0.077647587,FALSE,35900,260,120000,32
kurookun,1.88219697,FALSE,26400,72,1700000,31
zohraxali,0.129435871,FALSE,54800,592,3000000,225
akramdas5,0.000539376,FALSE,134600,61,274400,945
dyowjt0dlxn5,0.260694719,FALSE,68500,9756,1100000,293
e218.ly,0.050171667,FALSE,95700,846,1000000,246
reham.life,0.053292924,FALSE,160500,159,2500000,315
thebreemitchell,0.033602996,FALSE,26700,644,635000,145
deep_aman157,0.003547763,FALSE,99000,406,619500,1349
kristenduke,2.21481693,FALSE,5002,285,388000,81
abby_ugccreator,0.006964597,FALSE,3446,4297,3021,69
moniperezx,0.009976057,FALSE,2148,234,13000,238
__xa__1234,0.106519004,FALSE,10900,6045,39500,35
ffiya87,0.053984962,FALSE,475,1838,377,18
userv1jjqn1ubt,0.062577192,FALSE,1041,1599,449,7
uservx7qfkg325,0.051966874,FALSE,276,995,616,50
w1re_edits,0.029850746,FALSE,67,1254,98,44
jorgelisdvf,0.003748734,FALSE,7614,337,65900,461
baazbmx_05,0.122109395,FALSE,261700,4,2100000,113
terekuster,0.03936706,FALSE,131900,171,439600,99
bvmonmi,0.555555556,FALSE,108,3360,55,1
bvhmultil,0.32,FALSE,25,23,7,1
kristina.innit,1.095339556,FALSE,8448,21,375200,213
laura_pigeon,0.022258982,FALSE,116500,300,3500000,428
xanti_channel,0.011968601,FALSE,8317,97,105400,522
alexistiptonva,0.186352765,FALSE,57100,1675,570200,42
jogikhurana1,0.012910604,FALSE,4997,368,34100,78
t.m__01,0.410884354,FALSE,35,25,300,21
sxsnicker,6.75,FALSE,10,16,247,4
t.jsy3,0.056050955,FALSE,157,264,42,5
hmmm2.2,0.526785714,FALSE,112,68,1973,1
ipyonaracosta,0.040215264,FALSE,584,74,8252,100
hm___am,0.159111111,FALSE,675,766,3497,36
alexis._.babes,0.006705105,FALSE,5448,153,95600,811
edanqb,3.052631579,FALSE,228,3001,1062,1
macybodenheimer,0.061186395,FALSE,10500,261,2400000,178
kapilkalall,0.00391278,FALSE,377700,21,5900000,579
ida_samudra,0.002459216,FALSE,63400,139,564000,638
crypticdreamcreations,0.004842491,FALSE,11700,8462,111000,825
livevicariouslywithlv,0.000179045,FALSE,4149,131,24000,51
cararosedipietro,0.058290827,FALSE,157300,994,17500000,1509
kashleighp,0.00242497,FALSE,11900,825,498900,824
dycrprfw88c4,0.019902518,FALSE,1231,1744,49,2
irenerain_,0.041306735,FALSE,66600,272,2500000,522
keops2003,0.190155066,FALSE,230400,20,1500000,33
hperionavi,0.004095299,FALSE,155900,88,1700000,1182
_amankhan,0.003634685,FALSE,174800,1,2800000,769
ludmila_becchis,0.296966912,FALSE,64600,221,1400000,132
pink_pollito23,0.015565165,FALSE,90400,681,973900,86
christi_anna2,0.020997975,FALSE,9267,2241,290500,81
micahtoll,0.19848301,FALSE,1030,9,3439,17
gabymonzon618,0.007620042,FALSE,2395,66,1507,8
sophia.joy,0.001622039,FALSE,57300,925,259300,132
machado1406,0.001231222,FALSE,19400,378,64200,465
queenofmyworld13,0.269230769,FALSE,13,95,12,4
fastuniversity,0.00387602,FALSE,61300,1132,2300000,668
na.n4.7,0.137606838,FALSE,390,1438,2290,6
benjo51,0.330824972,FALSE,138,270,1360,26
beenoy3030,0.027614412,FALSE,3689,144,20800,23
l.fto__,1.333333333,FALSE,16,77,58,3
xjwz_sofia.zpt,0.682170543,FALSE,43,51,171,8
jeju.tour,1.390042884,FALSE,4264,4,193500,35
susym3ndoza,0.002866588,FALSE,24200,6345,186800,1089
__petitebretonne,0.411908999,FALSE,1223,117,22000,122
mohitjangra251,0.011612059,FALSE,748200,6,18700000,798
the_real_konohamaru_,0.171173644,FALSE,1457,1910,10200,62
p2p_alp,1.074074074,FALSE,9,52,16,3
w3b_bunny_qualquer,0.002534139,FALSE,2176,6400,4369,130
joceanjc,0.00020338,FALSE,98900,189,1100000,322
skycemkur,0.125384468,FALSE,14900,14,638200,349
___td10,0.079245283,FALSE,53,27,18,5
alexa.daianna,0.122844326,FALSE,8336,465,446100,206
adigilya.ya,0.026015238,FALSE,30000,31,549600,281
adina_gabriela4668,0.007460832,FALSE,5863,53,32700,489
piggvi.ne.bs,0.002084544,FALSE,197700,1098,1100000,490
janelis51,0.002164524,FALSE,81100,2286,455900,78
16.oktober.1999,0.001300054,FALSE,22400,8702,112500,3835
lhommestatue,0.004672509,TRUE,1700000,1211,32300000,1059
sgo8wo,0.037871854,FALSE,874,860,1088,30
shadejenifer,0.002194998,FALSE,591800,4195,3600000,172
faivsal1,0.021735931,FALSE,13200,100,141500,152
aymebm3,0.016962467,FALSE,982,1951,8289,552
ocmahfuj62975648,0.043886617,FALSE,1013,1471,6980,173
temppestpg00,0.057794439,FALSE,1067,7953,2033,49
agboolatimothyoye2,0.004621366,FALSE,2609,10000,1889,127
aftharchives,0.000854125,FALSE,28400,722,241100,601
deepikagowda2377,0.00243927,FALSE,22700,30,120600,893
0.0_0.06,4.5,FALSE,1,6,7,2
thepapasam,1.62238,FALSE,12500,123,264600,13
thehuggablecav,1.111365522,FALSE,5166,335,294500,92
letteringbygau,0.686503198,FALSE,13400,16,395900,59
theevilpen,0.005189696,FALSE,18300,1495,284000,1003
baptt_bm,0.331317712,FALSE,189,280,1343,22
jithudg1234,0.042317128,FALSE,19100,7991,189000,157
itscarolinalove,0.399135531,FALSE,15600,189,964000,53
autobritedirect,0.026597532,FALSE,60200,1371,444800,469
kellyarayes,0.001994048,FALSE,19200,2341,206900,94
.gabi._.uchiha,0.067417377,FALSE,2144,16,26000,103
happylandperu,0.070080567,FALSE,38300,13,224900,59
userbaba1122,0.008655786,FALSE,5453,1271,40900,529
brittany.scovel,0.009779945,FALSE,1600000,835,160400000,5394
papaighosh39,0.11065008,FALSE,17800,51,129100,1394
_.admm,10.93891213,FALSE,239,78,32200,5
bfitwithlizz,0.00077953,FALSE,92400,1212,1500000,370
kamiramn,0.011303351,FALSE,16200,521,548700,919
_meichangg,0.004625483,FALSE,11100,69,101100,256
_lang2x,0.008104052,FALSE,1999,3202,8991,619
bdloobd,31.04870048,FALSE,1321,17,122400,3
erickcaceres6,0.002894129,FALSE,8252,191,28400,306
ajithjeebrock,0.009484646,FALSE,42800,490,552800,1679
asit_maparu_0o,0.067597279,FALSE,5250,1517,204500,2059
bamplayscod,0.017525941,FALSE,9651,1371,30500,132
...poopaa__321,0.016639292,FALSE,116200,9972,2500000,1189
hemanchapagai,0.082210431,FALSE,1427,2356,7163,82
therealcarmit,0.010235361,TRUE,88100,171,270700,202
jdag6,0.016044266,FALSE,35500,2641,313000,869
_l5i3,0.035982248,FALSE,3412,680,39800,154
o8031,0.062857143,FALSE,180,70,2648,175
emen2508,0.021897959,FALSE,33600,1023,690300,503
eminence713,0.00892133,FALSE,1233,2593,31,3
100k_12_504,0.020871542,FALSE,1885,3077,3135,55
melissasabando3,0.001525735,FALSE,15300,639,110100,515
13uyeuye,0.023083227,FALSE,1292,495,13000,360
alejandromorales913,0.014053696,FALSE,3017,4106,13900,562
eyza_gan,0.224024975,FALSE,1197,58,4680,19
eypiz,0.047798742,FALSE,1590,74,17000,2
helpsppmephg,0.061594203,FALSE,207,860,294,12
beny.javi,0.024163494,FALSE,1426,159,13600,339
ingride637,0.025829563,FALSE,1092,2625,934,34
rodriguez._.xd,0.176719298,FALSE,19000,30,228400,150
ekemxsam,0.111096677,FALSE,701900,85,36300000,889
adityajaiswaal8,0.008453145,FALSE,34300,43,533400,383
gana_g143p,0.257142857,FALSE,328,142,13200,175
gax.b,0.208525346,FALSE,217,176,344,8
kim_loaiza0_0,0.027010485,FALSE,6022,156,63600,218
cxii27,0.064611168,FALSE,1251,103,5016,72
nycoleta88,0.025461326,FALSE,3328,2496,10900,123
_kp0p.mia_,0.81981982,FALSE,37,99,87,3
_lettty,2.606741573,FALSE,89,22,1762,4
_mdm___,1.209146749,FALSE,2349,1,19500,7
diana_aster,0.010912354,TRUE,10500000,12,347000000,847
di_di_vl6,0.045303198,FALSE,583,246,2939,38
dgueixasantoslima,0.012152778,FALSE,1152,1729,46,4
95.clvssic.pro,0.385780886,FALSE,78,1197,308,11
mellowy971,0.002971756,FALSE,34900,7884,284500,1562
just_matt23,0.000614646,FALSE,11900,235,10700,307
dyamij39q0j0,0.071740487,FALSE,458,538,1723,55
tmax._0,1.627777778,FALSE,45,48,292,4
fownfown4,0.486111111,FALSE,18,7,34,4
sowiq0q,1.947222222,FALSE,24,68,666,15
olcayy.7,0.39030303,FALSE,4620,2,109800,22
roshanyadav705423,0.00612196,FALSE,8354,728,26600,577
kristamichellehair,2.09223301,FALSE,3296,53,117000,17
tomiokasword,0.434374561,FALSE,5081,111,836700,129
onadatenyc,0.710416667,FALSE,224,38,2370,15
l5.s1,0.375190259,FALSE,219,284,1232,18
l5.5.5,0.249068323,FALSE,644,588,834,5
ceezanell,0.040651847,FALSE,1613,292,21000,78
sreeragmksgs,0.022413656,FALSE,1791,9736,4924,37
srdaa_,0.00491943,FALSE,7376,187,47200,809
srwinbuhude,0.008283379,FALSE,367,543,83,25
o_n_e47,0.070317003,FALSE,347,4030,688,30
louannemattioni,0.168101922,FALSE,257900,97,6400000,220
haayhay,0.004205779,FALSE,52900,901,1400000,236
skylarrr_marie,0.009829805,FALSE,3800000,242,141400000,2302
aanaricoram,0.010931973,FALSE,21000,230,145500,120
itsmenicksmithy2,0.008122514,FALSE,14500000,47,863500000,2333
shy.nicolee,0.021696117,FALSE,4592,492,29400,266
mkmkhei,1.136281042,FALSE,127,105,5372,26
jizi445,0.080847869,FALSE,6470,12,33800,44
mdbelalshorif8,0.053823625,FALSE,1317,6759,12300,433
bien_vivre_ma_grossessee,0.082370068,FALSE,10500,32,30100,37
nvs45,0.706766917,FALSE,19,3,176,14
soo.bl,0.016638432,FALSE,4132,206,191700,8
cutyrosy22,0.130727143,FALSE,60000,68,598600,868
alexandracucea,0.020871227,FALSE,14200,9899,270500,1967
sa9nu8,0.091765177,FALSE,1426,1279,25100,122
anacristinamatias2,0.01163142,FALSE,1324,1853,5732,673
aiiiqui_gatuuu,0.039710888,FALSE,437300,2,14000000,739
meoewmwmmwmk,1.334898279,FALSE,213,6,880,5
i90keith,0.15,FALSE,180,267,24,1
saritareads,0.08052987,FALSE,16500,546,569500,334
malyssamolina,1.717483413,FALSE,14100,622,1200000,32
winarti.24,0.007110969,FALSE,4480,844,12100,319
patches.lima,0.086509985,FALSE,55800,260,3400000,264
itsalissabutt,0.062284797,FALSE,417800,849,11900000,938
musaa__b0,0.161202327,FALSE,11900,92,45300,13
oga_ko0,8.867906977,FALSE,1075,366,67200,7
miss_elwani,0.01907608,FALSE,2677,2708,2419,45
kyrgyz.xit,0.021933076,FALSE,11100,16,106200,165
f..ooo,0.049375467,FALSE,1102,2906,1677,36
eyl4l_vl0g,0.96875,FALSE,8,23,29,4
g.chiild,0.127410208,FALSE,115,564,309,23
646jeetuchinni,0.133449477,FALSE,82,37,1698,96
64nk64,0.571428571,FALSE,7,11,3,1
68lu,1.862903226,FALSE,62,8,225,2
lstugri07,0.065712582,FALSE,645,9354,536,13
lqqueiroz_,0.683902103,FALSE,967,187,2133,3
deviajecostarica,0.073508365,FALSE,141100,159,785600,143
umalusianzoff,0.011481507,FALSE,86200,281,2500000,371
aamandajeansmithh,0.000518026,FALSE,539300,219,4800000,247
ilovebastos,0.13600754,TRUE,733900,177,12600000,188
sorteos3344,0.343712209,FALSE,3847,1,24900,23
sovscrapb,0.035797342,FALSE,1720,192,47000,432
tjrony0,0.055447985,FALSE,741,1051,1542,23
mayagarine,0.000938098,FALSE,147300,39,969900,191
itsdavidtailor,0.020773986,FALSE,182100,49,7500000,645
onderoaders,0.332562965,FALSE,89400,84,1800000,152
tire.crushing,1.975263636,FALSE,22000,27,217300,5
sian.owenx,0.01020367,TRUE,79400,251,3100000,678
catalleyiaa,0.259710145,FALSE,20700,17,136100,10
935.1km_,6.333333333,FALSE,10,5,378,6
94sona84,0.14254386,FALSE,1064,1180,285,3
dad.braden,0.087121182,FALSE,7471,128,83300,126
dai46497,0.216030272,FALSE,323,50,1270,19
drkalimd,0.019621965,FALSE,166500,461,6500000,1123
sam_locke,0.002340816,FALSE,42000,373,519000,51
orlandomagic,0.027965641,TRUE,996200,174,21100000,752
duki,0.5112685,TRUE,3000000,15,3000000,2
laabuelitacolita,0.024412613,FALSE,296300,2,2800000,125
bhaveshgamara...1,0.015638393,FALSE,12800,6630,201600,419
aananddantani0,0.170339752,FALSE,46000,12,624500,320
jgs.arquitectos,0.081968043,FALSE,105500,26,1900000,109
xqxzlata,1.336802271,FALSE,151,19,2528,29
laaziest_,0.011445919,FALSE,136700,1254,4000000,291
katlynmtnguyen,0.289537179,FALSE,26000,280,663100,46
qxq338,0.036150476,FALSE,45000,167,331200,505
hakimkudiyala55,0.000312847,FALSE,69500,6,128400,371
swatch,0.211127551,TRUE,16800,16,349900,105
heatherennis2,0.00360162,FALSE,16700,10000,237500,3035
msashrocks,0.349873227,FALSE,7212,432,236700,362
elpapa581,0.130319829,FALSE,20100,464,90700,39
winnie.loves,0.244423798,FALSE,212500,87,17600000,243
recklessqueenxo,0.024936747,FALSE,5251,6527,6235,87
toddcollinsofficial,0.003431592,FALSE,208100,6570,1100000,1451
yulesalazaar19,0.027326637,FALSE,38400,3717,475500,425
amekraner,1.886869717,FALSE,8098,198,629500,38
makefunnygirl,0.002052455,FALSE,102400,7,610200,253
haveyharrison,0.044651305,FALSE,304400,224,2600000,82
thelanguageboy,0.157201752,FALSE,2300000,4450,19700000,156
shafiq1917,0.018228953,FALSE,1047,2017,2666,96
sh3bool,0.039642453,FALSE,2653,117,8327,36
sde_gg,1.366693038,FALSE,158,38,3243,17
purushotham145,0.006199624,FALSE,9890,390,104900,1106
carolinaw307,0.126360787,FALSE,1210,680,4407,29
fms65000,0.215539804,FALSE,1310,1056,3884,15
djgema_oficial,0.068093668,FALSE,3337,486,9825,52
gleide243,0.017914629,FALSE,1407,632,9172,103
hindiaalicia,0.016477423,FALSE,92700,314,3300000,1361
thepieiam,0.069170065,FALSE,75800,708,4000000,153
_razly_,0.034452306,FALSE,31900,110,394100,333
aweaspire,0.012909293,FALSE,1671,452,68900,161
9_kuunano,0.039709172,FALSE,447,1175,778,5
a_b_d_o84,0.194103922,FALSE,871,345,5021,31
d2u.z,2.535714286,FALSE,14,16,69,2
pdfly,0.193269841,FALSE,225,124,4711,120
mboke2,0.03864218,FALSE,1898,1576,9277,403
mejdi.zm,0.107565869,FALSE,591,5717,3544,61
fadli68_,2.958707865,FALSE,1424,71,62900,16
avluhv,38,FALSE,1,2,36,1
bddgdsd,0.017783067,FALSE,1730,1524,549,17
lolotesourire53,0.070116618,FALSE,196,237,572,49
.luyen.1999,0.028167116,FALSE,1060,797,1456,51
.lm_love_vika,0.096296296,FALSE,135,1466,427,1
.mxtsxya,0.503800786,FALSE,109,2,6622,80
tsweets_0,1.39880597,FALSE,134,13,4668,25
debyyola15,2.604542807,FALSE,1717,14,4446,1
drunk0ctopus,0.66226784,FALSE,62,416,1500,33
yawazkhan718,0.007462226,FALSE,3243,1193,4472,49
zorzoary,0.000586299,FALSE,364500,10,1300000,408
solsenpai,0.028144752,FALSE,1900000,141,74000000,515
lgusa,0.00283631,TRUE,38400,199,157700,278
jaine_26,0.014142283,FALSE,9960,708,160900,475
raj88saini0,0.00402048,FALSE,85100,47,567600,454
ivanbooc,0.037022096,FALSE,65300,89,169500,168
magician_holly,0.0081413,FALSE,266600,110,1200000,122
amobones,0.004838016,FALSE,23900,606,387500,1317
user98904978,0.000638961,FALSE,11000,921,166700,628
that_car_with_teeth,0.131599796,FALSE,103800,726,1700000,179
thegabiekin_,0.025956498,FALSE,599600,223,9800000,295
mosaoruf,0.12191358,FALSE,270,344,371,12
mrs.jessica_00,0.055974026,FALSE,1100,851,6032,62
dyedppc3tpmz,0.021826872,FALSE,1614,2227,32600,575
uluosman,0.131681877,FALSE,59,361,99,13
hligmail,0.923076923,FALSE,20,48,232,13
robyn_willemse,0.050141287,FALSE,36400,90,255300,180
andie.out.here,0.001318716,FALSE,126400,1429,2500000,873
molleebrandick,0.004035861,FALSE,12600,788,1300000,426
laurshaps,0.004060292,FALSE,212300,263,9000000,2187
xn444,0.060532688,FALSE,413,422,19,1
otako.shizousasagayou1,0.118873282,FALSE,9560,2835,43300,95
user401012101830068,0.051948052,FALSE,132,4958,46,7
gol.fm,0.049090909,FALSE,110,5,81,15
grandelqv,0.090507823,FALSE,1346,655,4671,17
schmukers,0.002565096,FALSE,6271,826,86900,77
dyefjzd3wgtz,0.029171529,FALSE,857,632,144,6
qasim_salman,0.025166479,FALSE,88900,23,2400000,1105
.sddm,0.167149524,FALSE,2357,317,22200,91
stefanisoberani,0.323381336,FALSE,12400,468,56800,14
niomystyle4,0.005134543,FALSE,56400,60,217500,214
dannyandjaweria,0.18481484,FALSE,82400,69,3500000,229
s0ggyjoint,0.018995234,FALSE,7801,345,202900,11
xx.albiona,0.000706893,FALSE,69500,111,9700000,1459
consigz,0.043078586,FALSE,266700,1004,21600000,1316
nastyaseksualka,0.160929195,FALSE,2177,621,29100,95
natalyaryabykh1,0.006804233,FALSE,10800,886,117400,147
g0wwor_,7.030388979,FALSE,1851,1,50400,4
nervousbreakdwn,0.014912,FALSE,12500,333,714100,312
faithie777,0.003871578,FALSE,20200,559,271600,473
moamusica,0.001986061,FALSE,6516,51,30700,76
trufinco,0.001506464,FALSE,89500,6395,350600,1294
h_rodri,0.011610429,FALSE,16300,33,282100,28
desarmonia,0.031809524,FALSE,12000,172,108200,70
camouflage_1980,0.00719749,FALSE,38700,4559,277200,526
cocorascon,0.005137688,FALSE,1100000,416,17100000,1109
sonyabarkdull,0.00112785,FALSE,36900,275,1100000,740
alanamarriee222,0.248399554,FALSE,14000,378,337600,70
retr0siamese,0.010491295,FALSE,59900,254,1500000,144
qcatherinee,0.019825375,FALSE,1307,182,31800,146
carlaaramiroo,0.001742999,FALSE,210800,184,3600000,193
bannabanana_,0.166051774,FALSE,14900,830,115400,43
ronnieb_3,0.000353885,FALSE,28500,723,486400,158
aviangel14,0.076939739,FALSE,770700,5,34000000,1119
bricknermonstreamclips,0.106521892,FALSE,50900,1632,1400000,318
jakychina3,0.003533239,FALSE,10100,7965,46000,1299
loulou_gonzalez,0.04546478,FALSE,386900,143,3000000,131
supersammichh,0.001260101,FALSE,799800,691,21700000,569
z0mbiek1llerz,0.244023474,FALSE,35500,463,781800,12
geologist_rambling,0.038507616,FALSE,114700,371,2600000,367
surajpinkyyadav1999,0.026391343,FALSE,242900,2,2000000,317
marinomaza,0.113928507,FALSE,65000,296,368000,97
fivehuskiesonehome,0.002340854,FALSE,259600,278,3600000,403
leeforeignn,0.055288889,FALSE,9000,596,1000000,1044
lalibae_,0.004045013,FALSE,1100000,247,29700000,201
sarcastically_adjusted,0.008603384,FALSE,3487,3143,4798,37
deliberatecreation,0.016956851,FALSE,98000,918,595200,288
tingtingzhang1,0.004573224,FALSE,111400,218,1500000,1455
600f09,0.02804676,FALSE,2521,775,2385,17
s5mu3l,0.424603175,FALSE,126,128,869,18
s7ora2,0.134861407,FALSE,268,264,245,7
buckwi1d730,0.096682464,FALSE,422,137,7477,133
lasmamirobles,2.446165192,FALSE,11300,27,165700,6
k.v.rabari.6134,0.031153389,FALSE,6728,3198,72800,154
yulieskarivero1,0.000498417,FALSE,76700,124,188500,1426
kotik3201,0.005122504,FALSE,6682,3973,31300,422
realquackery,0.116307179,FALSE,1371,443,6914,41
lifeofmarin,0.002824976,FALSE,15100,293,821400,245
esthefanylimah_editz,0.009420569,FALSE,7795,985,50400,200
babyneborn_secours,0.387329791,FALSE,6022,13,18900,9
angel.villagrez,0.088025198,FALSE,471700,621,33600000,576
marygarcia825,0.005157317,FALSE,5335,1039,30100,1586
mr__aabid__02,2.04206358,FALSE,9028,40,147700,15
8bitelliott,0.03365689,FALSE,1354,607,23300,241
styledbyjojo,0.014482452,FALSE,2251,245,24500,392
trampolineparkchile,0.007618205,FALSE,11300,21,322000,60
funjungleperu,0.094792411,FALSE,25600,4,94100,58
sadai2828,0.159440559,FALSE,130,1662,5149,82
saecuuoihhbfdsl,0.074025974,FALSE,418,338,2641,118
sadeklaa,0.00040027,FALSE,760700,375,5900000,1813
dyag6k1fjnzj,0.064802443,FALSE,338,404,1915,33
tota__70,0.002828798,FALSE,50400,32,272600,427
b_fo,0.330357143,FALSE,112,1810,72,2
pay712006,0.138917435,FALSE,27600,152,142800,33
db_southerntnguy,0.031652661,FALSE,18900,657,32900,59
z.wd,0.019064841,FALSE,553,335,656,101
nosebled,0.038959085,FALSE,474000,666,18100000,1763
anniesbucketlist,0.043898012,FALSE,77600,389,3100000,240
tododitsdedomini8,0.108469823,FALSE,1207,1242,1492,13
n1.xeber,0.006122449,FALSE,1715,481,32600,51
larrymata4wd,0.040744087,FALSE,85300,1343,317300,178
jecmari.balza,0.03597561,FALSE,656,587,3501,250
lzn_bielzin,0.490825688,FALSE,109,150,96,2
iugvssx1,0.130165289,FALSE,44,180,204,33
iup_pui,0.02193609,FALSE,1520,1146,8157,174
na8344,0.00088578,FALSE,218500,9780,971600,2310
der_rang,0.427034582,FALSE,69400,381,1600000,46
aissachettich,0.002163558,FALSE,69700,2097,539200,606
eeh099,0.021498983,FALSE,913,3471,911,59
azwr.official,0.004583711,FALSE,7723,948,72900,372
thecolorfulgay,0.016050113,FALSE,8210,244,104100,663
yumiferrer19,0.017954386,FALSE,5105,5091,30300,248
doby_dumbo_beagles,0.000573761,FALSE,514400,58,2800000,1101
zeen_154,0.189284121,FALSE,1888,24,17000,19
ap_asraful_islam,0.053846154,FALSE,2756,3714,33600,184
jordanannpetersen,0.002843041,FALSE,2038,1916,7401,932
byjuliazito,1.014404432,FALSE,361,77,19100,134
ihunter_rae,0.001721927,FALSE,104700,116,380400,190
dogemantiktok,0.552058824,FALSE,11400,1668,1000000,142
aoao_tt,0.281671881,FALSE,213100,61,1100000,18
nsaifrahmani,0.002964172,FALSE,31500,389,264400,604
diiz_lui,0.111007828,FALSE,584,2607,4512,100
956sourz,0.567049808,FALSE,29,10,179,9
daiana19sv,0.144227994,FALSE,792,182,12000,75
dilbar9113,0.003476636,FALSE,32100,3,255500,1755
rosebudbulldogs,0.072238798,FALSE,101700,297,2200000,175
dineshdsk1,0.019535549,FALSE,2596,785,20900,78
.carrots_,2.09790404,FALSE,13200,75,1600000,20
dodyydoda,0.005998846,FALSE,3715,4379,12900,268
idalisvldz8,0.145711593,FALSE,1061,272,2727,10
lpqzxc,0.165625,FALSE,60,36,135,16
69xbrokxnhearts,7,FALSE,1,8,12,2
6_.hmr,0.422292457,FALSE,678,42,11600,110
lpk.jp,0.076390598,FALSE,956,294,4028,110
loup_32,0.463636364,FALSE,55,226,101,4
djbigkev,0.072184179,FALSE,12100,256,102400,89
fakhrulnaim13,0.073662473,FALSE,2763,8059,18300,216
cleanwithriaa,0.017046216,FALSE,5972,930,182100,332
